[
  {
    "name": "Accounts",
    "privileges": [
      "View_All",
      "View_Associated",
      "Create",
      "Edit",
      "Delete"
    ]
  },
  {
    "name": "Projects",
    "privileges": [
      "View_All",
      "View_Associated",
      "Create",
      "Edit",
      "Delete"
    ]
  },
  {
    "name": "Assessments",
    "privileges": [
      "View_All",
      "View_Associated",
      "Submit",
      "Review"
    ]
  },
  {
    "name": "Artifacts",
    "privileges": [
      "View_All",
      "View_Associated",
      "Create",
      "Edit",
      "Delete"
    ]
  },
  {
    "name": "Team Members",
    "privileges": [
      "View_All",
      "View_Associated",
      "Add",
      "Remove"
    ]
  },
  {
    "name": "Role Permissions",
    "privileges": [
      "View",
      "Create",
      "Edit",
      "Delete"
    ]
  },
  {
    "name": "User Roles",
    "privileges": [
      "View",
      "Create",
      "Edit",
      "Delete"
    ]
  },
  {
    "name": "Assessment Templates",
    "privileges": [
      "View",
      "Create",
      "Edit",
      "Delete"
    ]
  },
  {
    "name": "User Profiles",
    "privileges": [
      "View"
    ]
  },
  {
    "name": "Dashboard",
    "privileges": [
      "View"
    ]
  }
]