[
  {
    "id": 1,
    "name": "Super Admin",
    "group": [
      "SUPER_ADMIN"
    ],
    "hierarchy": 1
  },
  {
    "id": 2,
    "name": "Account Admin",
    "group": [
      "DH"
    ],
    "hierarchy": 2
  },
  {
    "id": 3,
    "name": "Project Admin",
    "group": [
      "DP"
    ],
    "hierarchy": 3
  },
  {
    "id": 4,
    "name": "Delivery Owner",
    "group": [
      "DM"
    ],
    "hierarchy": 4
  },
  {
    "id": 5,
    "name": "Organization Leader",
    "group": [
      "AP",
      "EP",
      "ORGANIZATION_LEADER"
    ],
    "hierarchy": 5
  },
  {
    "id": 6,
    "name": "Team Member",
    "group": [
      "TEAM_MEMBER"
    ],
    "hierarchy": 6
  }
]